{"cameraMode":{"drawMode":0,"name":"Shaded","section":"Shading Mode"},"sceneLighting":true,"audioPlay":false,"sceneViewState":{"showFog":false,"showMaterialUpdate":false,"showSkybox":true,"showFlares":false,"showImageEffects":false,"showParticleSystems":false},"in2DMode":false,"pivot":{"x":5.290882587432861,"y":-0.02611541748046875,"z":-29.208812713623048},"rotation":{"x":-0.5423970222473145,"y":-0.00705881230533123,"z":0.004558015614748001,"w":-0.8400819897651672},"size":18.056896209716798,"orthographic":false}