{"cameraMode":{"drawMode":0,"name":"Shaded","section":"Shading Mode"},"sceneLighting":true,"audioPlay":false,"sceneViewState":{"showFog":false,"showMaterialUpdate":false,"showSkybox":true,"showFlares":false,"showImageEffects":false,"showParticleSystems":false},"in2DMode":false,"pivot":{"x":-1.905525803565979,"y":-4.792064666748047,"z":-6.448446273803711},"rotation":{"x":-0.5423970222473145,"y":-0.00705881230533123,"z":0.004558015614748001,"w":-0.8400819897651672},"size":33.31407165527344,"orthographic":false}