{"cameraMode":{"drawMode":0,"name":"Shaded","section":"Shading Mode"},"sceneLighting":true,"audioPlay":false,"sceneViewState":{"showFog":false,"showMaterialUpdate":false,"showSkybox":true,"showFlares":false,"showImageEffects":false,"showParticleSystems":false},"in2DMode":false,"pivot":{"x":6.560606479644775,"y":2.6027793884277345,"z":-23.407939910888673},"rotation":{"x":-0.5423970222473145,"y":-0.00705881230533123,"z":0.004558015614748001,"w":-0.8400819897651672},"size":29.494443893432618,"orthographic":false}